-1.500000, 0.004107
-1.500000, -2.620600
-1.500000, -3.398166
-1.500000, -4.448720
-1.500000, -5.391869
-1.500000, -6.822815
-1.500000, -7.539967
-1.500000, -7.595907
-1.500000, -7.320682
-1.500000, -7.726806
-1.500000, -8.533462
-1.500000, -8.823231
-1.500000, -8.756104
-1.500000, -8.299632
-1.500000, -7.830855
-1.500000, -7.412423
-1.500000, -7.339701
-1.500000, -7.279286
-1.500000, -7.987487
-1.500000, -8.488709
-1.500000, -8.481997
-1.500000, -8.116149
-1.500000, -7.497452
-1.500000, -8.024407
-1.500000, -8.690094
-1.500000, -8.966437
-1.500000, -8.328721
-1.500000, -7.363196
-1.500000, -6.685203
-1.500000, -6.753450
-1.500000, -7.579124
-1.500000, -7.495214
-1.500000, -7.318444
-1.500000, -7.458294
-1.500000, -7.592550
-1.500000, -7.578006
-1.500000, -7.354246
-1.500000, -7.317325
-1.500000, -8.506610
-1.500000, -8.652055
-1.500000, -8.628560
-1.500000, -7.812954
-1.500000, -7.272573
-1.500000, -7.424730
-1.500000, -7.848756
-1.500000, -7.592550
-1.500000, -7.456057
-1.500000, -7.635065
-1.500000, -7.641778
-1.500000, -7.636183
-1.500000, -7.310612
-1.500000, -7.826379
-1.500000, -8.801974
-1.500000, -8.644222
-1.500000, -8.561432
-1.500000, -7.979655
-1.500000, -7.748064
-1.500000, -8.422701
-1.500000, -8.401443
-1.500000, -8.134049
-1.500000, -8.473046
-1.500000, -8.517798
-1.500000, -8.153069
-1.500000, -8.630797
-1.500000, -8.521154
-1.500000, -8.778479
-1.500000, -8.441720
-1.500000, -8.412631
-1.500000, -8.541293
-1.500000, -8.115030
-1.500000, -7.887914
-1.500000, -7.767083
-1.500000, -7.933784
-1.500000, -7.903577
-1.500000, -7.519828
-1.500000, -8.091536
-1.500000, -8.079228
-1.500000, -7.742469
-1.500000, -8.362285
-1.500000, -8.320889
1.500000, -8.741559
1.500000, -0.762271
1.500000, 3.210590
1.500000, 4.638180
1.500000, 6.024374
1.500000, 6.297361
1.500000, 6.563636
1.500000, 7.340084
1.500000, 7.003325
1.500000, 7.116323
-1.500000, 7.860326
-1.500000, -0.299088
-1.500000, -3.457463
-1.500000, -4.740727
-1.500000, -6.203000
-1.500000, -6.639332
-1.500000, -6.432354
-1.500000, -7.095803
-1.500000, -7.689886
-1.500000, -7.917002
-1.500000, -8.418225
-1.500000, -8.018813
-1.500000, -7.608213
-1.500000, -7.445987
-1.500000, -7.713381
-1.500000, -7.657441
-1.500000, -7.670866
-1.500000, -7.693242
-1.500000, -8.357810
-1.500000, -8.017694
1.500000, -7.850993
1.500000, 0.183115
1.500000, 3.372816
1.500000, 4.180590
1.500000, 4.704189
1.500000, 5.485112
1.500000, 5.962840
1.500000, 6.975355
1.500000, 7.426231
1.500000, 7.312114
-1.500000, 7.199115
-1.500000, -0.484809
-1.500000, -3.499977
-1.500000, -4.379354
-1.500000, -4.982388
-1.500000, -5.500392
-1.500000, -6.023991
-1.500000, -7.006299
-1.500000, -7.467245
-1.500000, -7.434799
-1.500000, -7.392285
-1.500000, -7.640658
-1.500000, -8.297395
-1.500000, -8.779597
-1.500000, -8.647579
-1.500000, -7.868894
-1.500000, -7.511996
-1.500000, -7.622758
-1.500000, -7.765965
-1.500000, -7.454937
1.500000, -7.764845
1.500000, -0.162594
1.500000, 3.231847
1.500000, 4.654962
1.500000, 5.571260
1.500000, 5.884524
1.500000, 6.041156
1.500000, 6.300718
1.500000, 6.484201
1.500000, 6.349945
1.500000, 6.368965
1.500000, 6.813128
1.500000, 6.998849
1.500000, 7.987870
1.500000, 8.715090
1.500000, 8.044929
1.500000, 7.665655
1.500000, 7.746209
1.500000, 7.663417
1.500000, 7.742852
-1.500000, 7.818931
-1.500000, -0.521729
-1.500000, -3.484314
-1.500000, -4.461027
-1.500000, -5.443334
-1.500000, -6.123565
-1.500000, -6.374176
-1.500000, -6.656114
-1.500000, -7.043219
-1.500000, -7.289355
-1.500000, -7.546679
-1.500000, -8.042308
-1.500000, -8.575976
-1.500000, -8.757222
-1.500000, -8.842251
-1.500000, -8.486472
-1.500000, -7.746944
-1.500000, -7.426968
-1.500000, -7.754776
-1.500000, -7.318444
-1.500000, -6.953715
-1.500000, -6.619194
-1.500000, -6.701985
-1.500000, -7.385572
-1.500000, -7.806241
-1.500000, -7.482908
-1.500000, -7.180832
-1.500000, -7.674223
-1.500000, -7.670866
-1.500000, -8.000913
-1.500000, -7.250197
-1.500000, -6.898893
-1.500000, -7.098041
-1.500000, -6.814984
-1.500000, -7.021962
-1.500000, -6.524096
-1.500000, -6.563254
-1.500000, -7.148386
-1.500000, -8.119506
-1.500000, -8.112793
1.500000, -7.729044
1.500000, 0.403519
1.500000, 3.376173
1.500000, 4.188422
1.500000, 4.685170
1.500000, 5.334074
1.500000, 6.118353
1.500000, 7.396024
1.500000, 7.464271
1.500000, 7.340084
1.500000, 7.031295
1.500000, 6.973117
1.500000, 6.863474
1.500000, 7.018988
1.500000, 6.799703
1.500000, 6.582655
1.500000, 7.259530
1.500000, 7.515736
1.500000, 7.937523
1.500000, 7.352390
1.500000, 7.106254
1.500000, 7.597408
1.500000, 8.172471
1.500000, 7.918504
1.500000, 7.330015
1.500000, 7.135344
1.500000, 6.997731
1.500000, 7.457558
1.500000, 6.932840
1.500000, 6.626288
-1.500000, 6.960811
-1.500000, -0.773459
-1.500000, -3.558154
-1.500000, -4.838063
-1.500000, -5.536194
-1.500000, -5.875191
-1.500000, -6.029585
-1.500000, -6.412215
-1.500000, -6.126921
-1.500000, -6.181743
-1.500000, -6.252227
-1.500000, -5.991547
-1.500000, -6.380889
-1.500000, -7.109228
-1.500000, -7.592550
-1.500000, -7.507521
-1.500000, -7.208801
-1.500000, -6.686322
-1.500000, -6.759043
-1.500000, -7.421374
1.500000, -7.620520
1.500000, -0.231960
1.500000, 3.297857
1.500000, 4.880960
1.500000, 5.337430
1.500000, 6.148561
1.500000, 6.283936
1.500000, 6.386866
1.500000, 6.523359
1.500000, 6.729219
-1.500000, 6.850049
-1.500000, -0.956943
-1.500000, -3.540254
-1.500000, -4.549412
-1.500000, -5.216217
-1.500000, -5.881904
-1.500000, -6.318236
-1.500000, -6.681846
-1.500000, -6.430116
-1.500000, -6.762400
1.500000, -7.647371
1.500000, 0.284926
1.500000, 3.274362
1.500000, 4.506162
1.500000, 6.084789
1.500000, 6.550210
1.500000, 6.300718
1.500000, 6.496508
1.500000, 7.041364
1.500000, 7.178977
-1.500000, 7.202472
-1.500000, -0.648154
-1.500000, -3.324325
-1.500000, -4.261880
-1.500000, -4.930923
-1.500000, -5.527244
-1.500000, -6.074337
-1.500000, -6.548709
-1.500000, -6.638213
-1.500000, -6.729955
-1.500000, -7.141674
-1.500000, -7.368790
-1.500000, -7.623877
-1.500000, -7.407948
-1.500000, -7.228940
-1.500000, -7.353127
-1.500000, -7.198732
-1.500000, -6.850785
-1.500000, -6.903368
-1.500000, -6.791489
-1.500000, -6.800439
-1.500000, -7.028675
-1.500000, -6.817221
-1.500000, -7.071189
-1.500000, -7.407948
-1.500000, -6.950358
-1.500000, -7.262504
-1.500000, -7.720094
-1.500000, -7.255791
-1.500000, -7.706668
1.500000, -7.421374
1.500000, 0.394569
1.500000, 3.304569
1.500000, 4.359599
1.500000, 5.075631
1.500000, 6.205620
1.500000, 6.596081
1.500000, 6.479726
1.500000, 6.917177
1.500000, 6.696774
1.500000, 6.494270
1.500000, 7.147650
1.500000, 7.603002
1.500000, 7.229322
1.500000, 7.399380
1.500000, 7.294213
1.500000, 7.257293
1.500000, 7.078285
1.500000, 6.882494
1.500000, 6.809772
-1.500000, 7.200234
-1.500000, -0.227485
-1.500000, -3.314256
-1.500000, -4.596402
-1.500000, -5.730865
-1.500000, -5.981477
-1.500000, -6.134753
-1.500000, -6.079931
-1.500000, -6.463680
-1.500000, -6.440185
1.500000, -6.658351
1.500000, 0.770486
1.500000, 3.446657
1.500000, 4.515112
1.500000, 5.241214
1.500000, 5.557834
1.500000, 6.101572
1.500000, 6.270510
1.500000, 6.392459
1.500000, 6.825436
1.500000, 6.855643
1.500000, 6.806416
1.500000, 6.509933
1.500000, 6.460707
1.500000, 6.834386
1.500000, 7.102898
1.500000, 7.115205
1.500000, 7.276312
1.500000, 7.783129
1.500000, 7.664536
1.500000, 7.398261
1.500000, 7.044720
1.500000, 7.236035
1.500000, 7.462033
1.500000, 7.228203
1.500000, 6.613982
1.500000, 6.254847
1.500000, 6.424905
1.500000, 6.461825
1.500000, 7.005562
1.500000, 7.727189
1.500000, 7.136462
1.500000, 7.333371
1.500000, 7.581745
1.500000, 7.601883
1.500000, 7.315470
1.500000, 6.744882
1.500000, 6.949623
1.500000, 7.176739
1.500000, 7.343440
-1.500000, 7.036889
-1.500000, -0.838350
-1.500000, -3.380265
-1.500000, -4.013506
-1.500000, -4.392780
-1.500000, -4.965606
-1.500000, -5.670450
-1.500000, -6.049724
-1.500000, -6.105664
-1.500000, -6.220901
-1.500000, -6.204118
-1.500000, -6.484938
-1.500000, -6.752331
-1.500000, -7.000704
-1.500000, -7.124891
-1.500000, -7.750301
-1.500000, -7.397879
-1.500000, -7.550036
-1.500000, -7.739113
-1.500000, -7.553392
-1.500000, -7.852112
-1.500000, -7.277049
-1.500000, -7.020843
-1.500000, -6.841835
-1.500000, -6.929101
-1.500000, -6.957071
-1.500000, -6.760162
-1.500000, -7.105872
-1.500000, -7.535491
-1.500000, -7.663035
-1.500000, -7.536610
-1.500000, -6.988398
-1.500000, -6.698628
-1.500000, -7.513115
-1.500000, -7.970705
-1.500000, -7.906933
-1.500000, -7.600382
-1.500000, -6.981685
-1.500000, -6.814984
-1.500000, -7.042100
1.500000, -7.074545
1.500000, 0.507567
1.500000, 3.637972
1.500000, 4.578884
1.500000, 5.262471
1.500000, 5.686496
1.500000, 6.006473
1.500000, 5.975147
1.500000, 6.056819
1.500000, 6.325332
-1.500000, 6.582655
-1.500000, -0.419918
-1.500000, -3.139723
-1.500000, -4.597521
-1.500000, -5.208386
-1.500000, -5.695064
-1.500000, -5.610035
-1.500000, -5.631292
-1.500000, -5.587659
-1.500000, -6.017279
-1.500000, -6.308167
-1.500000, -6.228732
-1.500000, -6.709816
-1.500000, -7.298306
-1.500000, -7.111466
-1.500000, -6.950358
-1.500000, -6.618075
-1.500000, -6.407740
-1.500000, -7.024199
-1.500000, -7.819666
-1.500000, -7.506402
-1.500000, -7.231178
-1.500000, -6.639332
-1.500000, -6.315999
-1.500000, -6.179505
-1.500000, -6.166080
-1.500000, -6.053081
-1.500000, -6.432354
-1.500000, -7.199851
-1.500000, -7.227821
1.500000, -7.422492
1.500000, 0.324084
1.500000, 3.485815
1.500000, 4.595665
1.500000, 5.198699
1.500000, 5.535459
1.500000, 5.902425
1.500000, 6.441687
1.500000, 6.882494
1.500000, 6.475251
-1.500000, 6.324213
-1.500000, -1.348523
-1.500000, -3.580531
-1.500000, -4.075040
-1.500000, -4.390542
-1.500000, -4.650104
-1.500000, -5.155802
-1.500000, -6.158247
-1.500000, -6.241039
-1.500000, -6.347325
-1.500000, -6.477106
-1.500000, -6.549828
-1.500000, -6.990635
-1.500000, -7.711143
-1.500000, -7.608213
-1.500000, -7.411304
-1.500000, -7.750301
-1.500000, -7.658560
-1.500000, -7.800647
-1.500000, -7.345295
-1.500000, -6.682965
-1.500000, -6.755687
-1.500000, -6.217544
-1.500000, -6.190693
-1.500000, -6.109020
-1.500000, -5.933369
-1.500000, -6.091119
-1.500000, -7.184188
-1.500000, -7.501927
-1.500000, -7.422492
-1.500000, -7.027555
-1.500000, -6.727717
-1.500000, -7.381097
-1.500000, -7.881201
-1.500000, -7.951685
-1.500000, -7.631708
-1.500000, -7.445987
-1.500000, -6.972734
-1.500000, -6.742262
-1.500000, -6.736668
1.500000, -6.952596
1.500000, 0.444915
1.500000, 3.469033
1.500000, 4.479310
1.500000, 4.953682
1.500000, 5.415747
1.500000, 5.562309
1.500000, 5.588042
1.500000, 5.586923
1.500000, 6.210095
-1.500000, 6.313025
-1.500000, -0.672767
-1.500000, -3.420542
-1.500000, -4.419631
-1.500000, -5.190485
-1.500000, -5.594372
-1.500000, -5.542907
-1.500000, -5.631292
-1.500000, -5.834914
-1.500000, -5.867360
1.500000, -6.119090
1.500000, 1.061374
1.500000, 3.353796
1.500000, 4.265619
1.500000, 4.814950
1.500000, 5.066681
1.500000, 5.563428
1.500000, 5.646219
1.500000, 5.641744
1.500000, 6.279461
1.500000, 6.150799
1.500000, 6.163105
1.500000, 6.617338
1.500000, 6.800822
1.500000, 7.073810
1.500000, 7.202472
1.500000, 6.733694
1.500000, 7.131987
1.500000, 7.879346
1.500000, 7.610834
1.500000, 7.241630
1.500000, 6.685585
1.500000, 6.445043
1.500000, 6.513290
1.500000, 6.513290
1.500000, 6.243659
1.500000, 5.968434
1.500000, 6.163105
1.500000, 6.505458
1.500000, 6.515528
1.500000, 6.705724
1.500000, 6.759427
1.500000, 6.952979
1.500000, 7.484409
1.500000, 8.085205
1.500000, 7.896128
1.500000, 7.707050
1.500000, 7.344559
1.500000, 7.089473
1.500000, 7.185689
1.500000, 6.983186
1.500000, 6.323094
1.500000, 6.766139
1.500000, 6.763902
1.500000, 6.851168
1.500000, 6.936197
1.500000, 6.681110
1.500000, 6.878019
1.500000, 7.440776
1.500000, 8.025908
-1.500000, 7.928573
-1.500000, -0.341602
-1.500000, -3.285167
-1.500000, -4.076159
-1.500000, -4.836944
-1.500000, -5.476898
-1.500000, -6.650520
-1.500000, -7.077901
-1.500000, -6.990635
-1.500000, -6.772469
1.500000, -7.117060
1.500000, 0.430370
1.500000, 3.230728
1.500000, 4.680695
1.500000, 5.108077
1.500000, 5.343024
1.500000, 5.556715
1.500000, 6.018780
1.500000, 6.778446
1.500000, 7.432944
1.500000, 7.477696
1.500000, 7.048077
1.500000, 6.976473
1.500000, 6.750475
1.500000, 6.619576
1.500000, 6.897039
1.500000, 6.822079
1.500000, 7.016750
1.500000, 7.375885
1.500000, 7.709288
1.500000, 7.426231
1.500000, 6.890326
1.500000, 6.920533
1.500000, 7.342321
1.500000, 7.552656
1.500000, 7.421756
1.500000, 6.969761
1.500000, 6.927246
1.500000, 6.584894
1.500000, 6.697892
1.500000, 6.864594
1.500000, 6.721387
1.500000, 7.355747
1.500000, 7.699219
1.500000, 8.228412
1.500000, 7.467627
1.500000, 7.399380
1.500000, 7.959899
1.500000, 8.565170
1.500000, 8.406301
1.500000, 8.161283
1.500000, 8.057235
1.500000, 7.399380
1.500000, 7.240510
1.500000, 7.700338
1.500000, 7.356865
1.500000, 7.435182
1.500000, 7.462033
1.500000, 6.933959
1.500000, 7.003325
1.500000, 7.283025
1.500000, 7.572794
1.500000, 7.831237
1.500000, 7.406093
1.500000, 7.290856
1.500000, 6.971998
1.500000, 6.587131
1.500000, 6.475251
1.500000, 6.929484
1.500000, 7.440776
-1.500000, 7.582864
-1.500000, 0.773842
-1.500000, -2.626194
-1.500000, -4.318939
-1.500000, -5.406413
-1.500000, -5.781212
-1.500000, -6.431235
-1.500000, -6.803796
-1.500000, -6.321593
-1.500000, -6.129159
1.500000, -5.990427
1.500000, 1.225837
1.500000, 3.526092
1.500000, 4.153739
1.500000, 4.452459
1.500000, 4.694120
1.500000, 4.837327
1.500000, 5.282609
1.500000, 5.810683
1.500000, 6.282817
-1.500000, 6.263797
-1.500000, -0.290137
-1.500000, -3.395929
-1.500000, -4.435295
-1.500000, -4.919735
-1.500000, -5.610035
-1.500000, -5.887498
-1.500000, -6.201881
-1.500000, -5.726390
-1.500000, -5.569758
-1.500000, -5.652550
-1.500000, -5.631292
-1.500000, -5.625699
-1.500000, -6.097832
-1.500000, -6.917913
-1.500000, -7.450462
-1.500000, -7.564580
-1.500000, -7.343058
-1.500000, -7.998674
-1.500000, -7.978536
1.500000, -7.948328
1.500000, 0.648536
1.500000, 3.665942
1.500000, 4.359599
1.500000, 4.961513
1.500000, 5.567903
1.500000, 6.004235
1.500000, 6.428261
1.500000, 6.182125
1.500000, 6.283936
-1.500000, 6.608388
-1.500000, -0.653748
-1.500000, -3.374671
-1.500000, -4.657936
-1.500000, -5.022665
-1.500000, -5.424314
-1.500000, -5.368374
-1.500000, -5.494799
-1.500000, -6.315999
-1.500000, -7.037625
-1.500000, -7.025318
-1.500000, -7.301662
-1.500000, -7.297187
-1.500000, -6.657233
-1.500000, -6.238801
-1.500000, -5.946794
-1.500000, -6.148178
-1.500000, -6.469274
-1.500000, -6.947002
-1.500000, -6.895537
-1.500000, -6.868686
-1.500000, -6.837359
-1.500000, -6.780301
-1.500000, -6.515145
-1.500000, -6.495007
-1.500000, -7.004061
-1.500000, -7.410186
-1.500000, -7.237890
-1.500000, -7.110347
-1.500000, -6.772469
-1.500000, -6.360751
-1.500000, -6.332780
-1.500000, -6.568847
-1.500000, -6.747856
-1.500000, -6.689678
-1.500000, -6.705341
-1.500000, -6.923508
-1.500000, -6.835122
-1.500000, -7.287117
-1.500000, -7.250197
-1.500000, -7.217752
-1.500000, -7.274811
-1.500000, -7.517591
-1.500000, -7.132723
-1.500000, -7.313969
-1.500000, -7.136079
-1.500000, -7.311731
-1.500000, -7.189782
-1.500000, -7.168525
-1.500000, -7.005180
1.500000, -7.160693
1.500000, 0.183115
1.500000, 3.528329
1.500000, 4.760129
1.500000, 5.299391
1.500000, 5.603705
1.500000, 5.864386
1.500000, 5.822990
1.500000, 5.900187
1.500000, 6.156393
1.500000, 6.462944
1.500000, 6.421548
1.500000, 6.334282
1.500000, 6.851168
1.500000, 6.665447
1.500000, 6.638596
1.500000, 7.399380
1.500000, 7.590695
1.500000, 7.300926
1.500000, 7.608596
-1.500000, 7.295331
-1.500000, -0.772341
-1.500000, -3.361246
-1.500000, -4.005675
-1.500000, -4.579619
-1.500000, -5.192722
-1.500000, -5.851696
-1.500000, -5.955745
-1.500000, -6.103426
-1.500000, -6.737787
-1.500000, -6.880993
-1.500000, -6.693034
-1.500000, -7.142792
-1.500000, -6.803796
-1.500000, -6.728836
-1.500000, -6.854142
-1.500000, -6.764637
-1.500000, -6.587867
-1.500000, -6.253346
-1.500000, -6.351800
1.500000, -6.443542
1.500000, 0.865584
1.500000, 3.608883
1.500000, 4.427845
1.500000, 5.178561
1.500000, 5.382182
1.500000, 5.595873
1.500000, 5.588042
1.500000, 5.798376
1.500000, 6.309668
-1.500000, 6.933959
-1.500000, -0.774578
-1.500000, -3.291880
-1.500000, -4.002318
-1.500000, -5.343761
-1.500000, -5.728628
-1.500000, -5.841627
-1.500000, -5.739816
-1.500000, -5.964695
-1.500000, -6.011685
-1.500000, -6.253346
-1.500000, -6.472631
-1.500000, -6.717648
-1.500000, -6.480463
-1.500000, -7.017487
-1.500000, -7.675341
-1.500000, -7.292712
-1.500000, -7.132723
-1.500000, -7.595907
-1.500000, -7.639540
-1.500000, -8.153069
-1.500000, -7.740232
-1.500000, -6.979447
-1.500000, -6.605768
-1.500000, -6.301454
-1.500000, -6.379770
-1.500000, -6.514026
-1.500000, -6.562135
-1.500000, -6.846310
-1.500000, -7.508640
1.500000, -7.741350
1.500000, 0.471766
1.500000, 3.337015
1.500000, 4.300302
1.500000, 4.980533
1.500000, 5.513082
1.500000, 6.161987
1.500000, 6.545735
1.500000, 6.591606
1.500000, 6.605032
1.500000, 6.554686
1.500000, 6.316381
1.500000, 6.074720
1.500000, 6.364490
1.500000, 6.210095
1.500000, 6.808653
1.500000, 7.516854
1.500000, 7.525805
1.500000, 7.385955
1.500000, 7.356865
1.500000, 7.172264
1.500000, 7.069334
1.500000, 7.289738
1.500000, 7.603002
1.500000, 6.930603
1.500000, 6.804178
1.500000, 6.714674
1.500000, 6.667684
1.500000, 6.635240
1.500000, 6.594963
-1.500000, 7.228203
-1.500000, -0.634728
-1.500000, -3.263910
-1.500000, -4.284256
-1.500000, -5.359424
-1.500000, -5.554095
-1.500000, -5.838270
-1.500000, -5.879666
-1.500000, -5.698421
-1.500000, -5.510462
1.500000, -5.631292
1.500000, 1.864673
1.500000, 3.717407
1.500000, 4.491617
1.500000, 4.848515
1.500000, 5.070037
1.500000, 5.095769
1.500000, 5.428053
1.500000, 5.506369
1.500000, 5.819633
-1.500000, 6.320857
-1.500000, -0.245385
-1.500000, -3.327682
-1.500000, -5.263207
-1.500000, -5.681638
-1.500000, -5.885260
-1.500000, -6.029585
-1.500000, -5.881904
-1.500000, -5.633530
-1.500000, -5.595491
-1.500000, -5.855052
-1.500000, -6.182861
-1.500000, -6.107902
-1.500000, -6.383127
-1.500000, -7.249078
-1.500000, -7.301662
-1.500000, -7.162930
-1.500000, -7.027555
-1.500000, -6.828409
-1.500000, -7.566817
-1.500000, -8.066922
-1.500000, -7.965111
-1.500000, -7.569056
-1.500000, -6.792608
-1.500000, -6.394314
-1.500000, -6.220901
-1.500000, -6.246633
-1.500000, -6.318236
-1.500000, -6.643807
-1.500000, -6.774706
1.500000, -6.725480
1.500000, 0.937187
1.500000, 3.504835
1.500000, 4.386450
1.500000, 4.892148
1.500000, 5.426935
1.500000, 5.767050
1.500000, 6.283936
1.500000, 6.242540
1.500000, 6.101572
-1.500000, 6.074720
-1.500000, -1.385443
-1.500000, -3.474245
-1.500000, -3.859112
-1.500000, -4.176851
-1.500000, -4.372642
-1.500000, -4.475571
-1.500000, -5.097624
-1.500000, -5.669332
-1.500000, -5.758836
1.500000, -5.644718
1.500000, 1.511132
1.500000, 3.547349
1.500000, 4.160452
1.500000, 4.444627
1.500000, 4.979414
1.500000, 5.383301
1.500000, 5.642863
1.500000, 5.445954
1.500000, 5.259114
1.500000, 5.793901
1.500000, 6.174293
1.500000, 6.366727
1.500000, 6.992136
1.500000, 6.639715
1.500000, 6.339876
1.500000, 6.848930
1.500000, 7.380361
1.500000, 7.762990
1.500000, 7.483290
-1.500000, 7.302044
-1.500000, -0.748846
-1.500000, -3.216920
-1.500000, -4.083991
-1.500000, -4.697093
-1.500000, -4.981269
-1.500000, -5.497036
-1.500000, -6.395433
-1.500000, -6.827291
-1.500000, -6.835122
-1.500000, -6.894418
-1.500000, -6.657233
-1.500000, -6.428998
-1.500000, -6.983922
-1.500000, -7.782746
-1.500000, -7.857706
-1.500000, -7.699955
-1.500000, -6.875399
-1.500000, -6.134753
-1.500000, -5.724153
1.500000, -5.762192
1.500000, 1.304154
1.500000, 3.473508
1.500000, 4.035146
1.500000, 4.232055
1.500000, 4.205204
1.500000, 4.493855
1.500000, 4.521825
1.500000, 4.953682
1.500000, 5.034235
1.500000, 5.417984
1.500000, 6.563636
1.500000, 6.832149
1.500000, 6.402529
1.500000, 6.499865
1.500000, 6.851168
1.500000, 6.995493
1.500000, 6.984305
1.500000, 6.726981
1.500000, 6.575943
-1.500000, 6.508815
-1.500000, -1.093436
-1.500000, -3.542491
-1.500000, -4.022457
-1.500000, -4.282019
-1.500000, -4.603115
-1.500000, -5.010358
-1.500000, -5.139020
-1.500000, -5.320266
-1.500000, -6.002735
1.500000, -6.275722
1.500000, 1.516726
1.500000, 3.495884
1.500000, 4.217511
1.500000, 5.056612
1.500000, 5.528745
1.500000, 5.821871
1.500000, 5.886762
1.500000, 5.716704
1.500000, 5.327361
-1.500000, 5.227788
-1.500000, -1.443621
-1.500000, -3.428374
-1.500000, -3.677866
-1.500000, -3.832261
-1.500000, -4.026932
-1.500000, -4.130980
-1.500000, -4.353622
-1.500000, -4.634441
-1.500000, -5.087555
1.500000, -5.334810
1.500000, 1.649863
1.500000, 3.536161
1.500000, 4.237649
1.500000, 4.503924
1.500000, 4.833970
1.500000, 4.951444
1.500000, 4.747823
1.500000, 4.755654
1.500000, 4.955919
-1.500000, 5.315054
-1.500000, -1.637174
-1.500000, -3.529066
-1.500000, -4.256286
-1.500000, -4.840300
-1.500000, -5.153564
-1.500000, -5.078605
-1.500000, -4.935398
-1.500000, -4.816805
-1.500000, -4.848132
1.500000, -5.281108
1.500000, 1.372400
1.500000, 3.545112
1.500000, 4.471478
1.500000, 4.745585
1.500000, 4.593428
1.500000, 4.373024
1.500000, 4.696358
1.500000, 5.299391
1.500000, 5.547765
-1.500000, 5.671952
-1.500000, -1.365305
-1.500000, -3.445156
-1.500000, -4.463264
-1.500000, -5.029378
-1.500000, -5.391869
-1.500000, -5.912111
-1.500000, -5.652550
-1.500000, -5.265445
-1.500000, -5.794637
1.500000, -5.645837
1.500000, 1.777406
1.500000, 3.446657
1.500000, 3.906484
1.500000, 4.546438
1.500000, 5.101364
1.500000, 5.355331
1.500000, 5.561191
1.500000, 5.679784
1.500000, 6.192194
1.500000, 6.939553
1.500000, 6.743763
1.500000, 6.656497
1.500000, 6.618457
1.500000, 7.021225
1.500000, 7.342321
1.500000, 7.430707
1.500000, 7.266243
1.500000, 7.181214
1.500000, 6.550210
-1.500000, 5.888999
-1.500000, -1.584590
-1.500000, -3.290761
-1.500000, -3.393691
-1.500000, -3.887082
-1.500000, -4.194752
-1.500000, -4.504660
-1.500000, -4.803380
-1.500000, -5.458997
-1.500000, -6.009447
1.500000, -6.442423
1.500000, 0.591478
1.500000, 3.392955
1.500000, 4.384212
1.500000, 5.153947
1.500000, 5.608180
1.500000, 6.056819
1.500000, 6.083671
1.500000, 5.839772
1.500000, 5.537696
1.500000, 5.561191
1.500000, 5.869980
1.500000, 6.445043
1.500000, 6.374558
1.500000, 6.816485
1.500000, 7.146531
1.500000, 6.712437
1.500000, 6.744882
1.500000, 6.930603
1.500000, 7.064858
-1.500000, 7.475459
-1.500000, -0.061902
-1.500000, -3.388097
-1.500000, -5.076367
-1.500000, -5.664856
-1.500000, -6.121327
-1.500000, -6.922389
-1.500000, -7.181950
-1.500000, -7.034268
-1.500000, -6.921270
1.500000, -7.726806
1.500000, 0.580290
1.500000, 3.502597
1.500000, 4.479310
1.500000, 5.473924
1.500000, 6.292886
1.500000, 6.367846
1.500000, 6.321975
1.500000, 6.477488
1.500000, 7.126393
1.500000, 7.654467
1.500000, 7.929692
1.500000, 7.538111
1.500000, 7.242748
1.500000, 6.655378
1.500000, 6.464063
1.500000, 6.753832
1.500000, 6.739288
1.500000, 6.757188
1.500000, 7.063740
1.500000, 7.247223
1.500000, 7.197996
1.500000, 6.643071
1.500000, 6.602794
1.500000, 7.189045
1.500000, 7.808861
1.500000, 7.749565
1.500000, 7.397143
1.500000, 7.252818
1.500000, 6.807535
-1.500000, 6.583775
-1.500000, -0.521729
-1.500000, -3.222514
-1.500000, -3.742757
-1.500000, -4.075040
-1.500000, -4.315583
-1.500000, -4.638916
-1.500000, -4.885052
-1.500000, -5.264326
-1.500000, -5.783449
1.500000, -6.533046
1.500000, 0.683219
1.500000, 3.493647
1.500000, 4.763486
1.500000, 5.670833
1.500000, 5.981860
1.500000, 6.045631
1.500000, 5.726773
1.500000, 5.514201
1.500000, 5.275897
-1.500000, 5.619368
-1.500000, -0.297969
-1.500000, -3.352295
-1.500000, -4.346909
-1.500000, -4.555006
-1.500000, -4.582976
-1.500000, -4.657936
-1.500000, -4.665767
-1.500000, -4.736252
-1.500000, -5.137901
1.500000, -6.173911
1.500000, 1.323173
1.500000, 3.528329
1.500000, 5.082344
1.500000, 5.616012
1.500000, 5.569022
1.500000, 5.464973
1.500000, 5.275897
1.500000, 5.442598
1.500000, 5.717823
1.500000, 6.087027
1.500000, 7.052552
1.500000, 7.592933
1.500000, 7.298688
1.500000, 7.633210
1.500000, 7.758515
1.500000, 7.632091
1.500000, 7.592933
1.500000, 7.342321
1.500000, 7.719357
1.500000, 7.458677
1.500000, 6.986543
1.500000, 6.578180
1.500000, 6.579299
1.500000, 6.415954
1.500000, 6.912702
1.500000, 7.801030
1.500000, 7.464271
1.500000, 7.667892
1.500000, 7.749565
1.500000, 7.830118
1.500000, 7.831237
1.500000, 7.713763
1.500000, 7.928573
1.500000, 7.896128
1.500000, 7.483290
1.500000, 6.964167
1.500000, 6.863474
1.500000, 6.726981
1.500000, 7.194640
-1.500000, 7.856970
-1.500000, -0.437819
-1.500000, -3.454106
-1.500000, -4.161188
-1.500000, -5.470185
-1.500000, -6.550947
-1.500000, -6.728836
-1.500000, -6.887705
-1.500000, -6.463680
-1.500000, -6.021754
1.500000, -5.972527
1.500000, 1.092700
1.500000, 3.379529
1.500000, 4.123532
1.500000, 4.512874
1.500000, 4.803762
1.500000, 5.005147
1.500000, 5.479518
1.500000, 5.756981
1.500000, 6.168700
1.500000, 7.137581
1.500000, 7.031295
1.500000, 6.816485
1.500000, 7.374767
1.500000, 7.937523
1.500000, 7.865921
1.500000, 7.571676
1.500000, 7.382598
1.500000, 7.539230
1.500000, 7.545943
-1.500000, 7.074928
-1.500000, -0.994982
-1.500000, -3.372434
-1.500000, -3.677866
-1.500000, -4.003438
-1.500000, -4.723945
-1.500000, -5.296771
-1.500000, -5.690589
-1.500000, -5.772261
-1.500000, -6.047486
-1.500000, -6.027348
-1.500000, -6.308167
-1.500000, -6.826171
-1.500000, -6.924626
-1.500000, -6.936933
-1.500000, -7.484027
-1.500000, -7.224465
-1.500000, -7.129366
-1.500000, -7.140554
-1.500000, -6.883230
1.500000, -7.326275
1.500000, 0.339747
1.500000, 3.315757
1.500000, 4.997315
1.500000, 5.683140
1.500000, 5.882286
1.500000, 6.496508
1.500000, 6.320857
1.500000, 6.210095
1.500000, 6.461825
1.500000, 7.385955
1.500000, 7.880465
1.500000, 7.637685
1.500000, 7.809980
1.500000, 7.869277
1.500000, 7.526923
1.500000, 7.104017
1.500000, 7.013394
1.500000, 7.250580
1.500000, 7.756278
-1.500000, 7.637685
-1.500000, -0.129030
-1.500000, -3.133010
-1.500000, -4.341315
-1.500000, -5.519412
-1.500000, -6.417809
-1.500000, -7.014130
-1.500000, -7.014130
-1.500000, -6.638213
-1.500000, -6.244395
1.500000, -6.131397
1.500000, 1.015503
1.500000, 3.595458
1.500000, 4.291352
1.500000, 4.748941
1.500000, 4.894385
1.500000, 5.136046
1.500000, 5.435885
1.500000, 5.853198
1.500000, 6.291768
-1.500000, 7.382598
-1.500000, -0.842825
-1.500000, -3.485433
-1.500000, -5.017071
-1.500000, -6.220901
-1.500000, -6.654995
-1.500000, -6.743381
-1.500000, -6.731073
-1.500000, -6.283553
-1.500000, -6.170555
-1.500000, -6.167198
-1.500000, -6.110139
-1.500000, -6.322711
-1.500000, -6.941408
-1.500000, -6.840716
-1.500000, -6.969378
-1.500000, -7.136079
-1.500000, -7.114822
-1.500000, -7.374384
-1.500000, -7.383334
1.500000, -7.377740
1.500000, 0.369955
1.500000, 3.315757
1.500000, 4.548676
1.500000, 4.895504
1.500000, 5.395608
1.500000, 6.025493
1.500000, 6.699011
1.500000, 7.083879
1.500000, 7.095066
-1.500000, 6.954098
-1.500000, -0.896528
-1.500000, -3.192307
-1.500000, -4.025813
-1.500000, -4.506897
-1.500000, -5.165871
-1.500000, -5.559690
-1.500000, -6.182861
-1.500000, -6.906725
-1.500000, -6.945883
-1.500000, -6.611362
-1.500000, -6.887705
-1.500000, -7.051051
-1.500000, -6.997348
-1.500000, -7.127129
-1.500000, -6.854142
-1.500000, -6.420047
-1.500000, -6.666183
-1.500000, -6.130278
-1.500000, -6.257821
-1.500000, -6.230969
-1.500000, -6.187336
-1.500000, -6.631500
-1.500000, -7.511996
-1.500000, -7.897983
-1.500000, -7.550036
-1.500000, -7.396760
-1.500000, -7.426968
-1.500000, -8.346622
-1.500000, -8.164257
-1.500000, -7.891270
-1.500000, -7.923715
-1.500000, -7.322919
-1.500000, -7.005180
-1.500000, -6.870924
-1.500000, -6.714292
-1.500000, -6.934695
-1.500000, -7.416899
-1.500000, -7.495214
-1.500000, -7.526541
-1.500000, -7.152862
-1.500000, -6.921270
-1.500000, -7.604857
-1.500000, -7.826379
-1.500000, -7.891270
-1.500000, -8.270543
-1.500000, -7.579124
-1.500000, -7.055526
-1.500000, -6.498363
-1.500000, -6.628144
1.500000, -7.192019
1.500000, 0.388975
1.500000, 3.413093
1.500000, 4.480429
1.500000, 5.536577
1.500000, 5.942701
1.500000, 5.759218
1.500000, 5.764812
1.500000, 5.739080
1.500000, 6.085908
1.500000, 6.178768
1.500000, 7.022345
1.500000, 7.692506
1.500000, 7.065978
1.500000, 7.183452
1.500000, 7.401618
1.500000, 7.335609
1.500000, 7.252818
1.500000, 6.958573
1.500000, 7.030176
-1.500000, 7.196877
-1.500000, -0.466908
-1.500000, -3.146436
-1.500000, -4.419631
-1.500000, -5.026021
-1.500000, -5.328097
-1.500000, -5.508224
-1.500000, -5.532838
-1.500000, -5.980358
-1.500000, -6.294741
-1.500000, -6.519620
-1.500000, -6.746737
-1.500000, -7.105872
-1.500000, -7.525423
-1.500000, -7.279286
-1.500000, -7.458294
-1.500000, -7.497452
-1.500000, -7.651846
-1.500000, -7.784984
-1.500000, -7.258029
1.500000, -6.834003
1.500000, 1.004315
1.500000, 3.394073
1.500000, 3.934454
1.500000, 4.519587
1.500000, 4.835089
1.500000, 5.378826
1.500000, 6.035562
1.500000, 6.403647
1.500000, 6.610626
-1.500000, 6.941791
-1.500000, -0.978200
-1.500000, -3.386978
-1.500000, -4.235029
-1.500000, -5.316909
-1.500000, -5.985952
-1.500000, -6.639332
-1.500000, -7.322919
-1.500000, -7.037625
-1.500000, -6.725480
-1.500000, -6.672896
-1.500000, -6.762400
-1.500000, -6.935814
-1.500000, -6.834003
-1.500000, -7.148386
-1.500000, -7.967349
-1.500000, -7.809597
-1.500000, -7.550036
-1.500000, -7.074545
-1.500000, -7.166287
-1.500000, -8.281732
-1.500000, -8.099367
-1.500000, -7.655203
-1.500000, -7.287117
-1.500000, -6.970497
-1.500000, -6.693034
-1.500000, -7.034268
-1.500000, -7.049932
-1.500000, -7.180832
-1.500000, -7.272573
1.500000, -7.541085
1.500000, -0.134624
1.500000, 3.466795
1.500000, 4.706427
1.500000, 5.415747
1.500000, 6.229115
1.500000, 6.786277
1.500000, 7.020107
1.500000, 6.968642
1.500000, 7.364697
1.500000, 7.042483
1.500000, 7.035770
1.500000, 6.986543
1.500000, 7.069334
1.500000, 7.863683
1.500000, 7.891652
1.500000, 7.393786
1.500000, 7.231560
1.500000, 7.272956
1.500000, 7.419518
1.500000, 7.684675
1.500000, 7.460914
1.500000, 7.558250
1.500000, 7.403855
1.500000, 7.011157
1.500000, 6.789634
1.500000, 6.823198
1.500000, 7.035770
1.500000, 7.788723
1.500000, 8.117650
-1.500000, 7.773060
-1.500000, -0.214059
-1.500000, -3.399285
-1.500000, -4.351385
-1.500000, -4.672480
-1.500000, -5.213980
-1.500000, -6.007210
-1.500000, -7.026437
-1.500000, -7.134961
-1.500000, -7.293830
1.500000, -7.130486
1.500000, 0.933831
1.500000, 3.429875
1.500000, 4.291352
1.500000, 4.967107
1.500000, 5.475043
1.500000, 5.591398
1.500000, 6.304074
1.500000, 7.013394
1.500000, 7.349034
-1.500000, 7.410568
-1.500000, 0.064522
-1.500000, -3.267267
-1.500000, -4.241742
-1.500000, -4.843657
-1.500000, -5.244187
-1.500000, -6.338374
-1.500000, -7.039863
-1.500000, -7.379978
-1.500000, -7.159575
-1.500000, -7.244603
-1.500000, -6.989517
-1.500000, -6.873161
-1.500000, -6.253346
-1.500000, -6.619194
-1.500000, -7.197613
-1.500000, -7.126010
-1.500000, -7.195376
-1.500000, -7.294949
-1.500000, -7.553392
-1.500000, -7.494096
-1.500000, -7.381097
-1.500000, -7.699955
-1.500000, -7.679816
-1.500000, -7.917002
-1.500000, -7.883439
-1.500000, -8.002031
-1.500000, -8.010982
-1.500000, -8.183277
-1.500000, -7.617164
1.500000, -7.906933
1.500000, -1.119169
1.500000, 2.877187
1.500000, 4.378618
1.500000, 5.222194
1.500000, 5.675308
1.500000, 5.937108
1.500000, 6.311906
1.500000, 6.516646
1.500000, 6.684466
-1.500000, 6.404767
-1.500000, -0.836112
-1.500000, -3.279573
-1.500000, -3.873657
-1.500000, -4.169020
-1.500000, -4.750796
-1.500000, -5.439978
-1.500000, -5.855052
-1.500000, -6.092238
-1.500000, -6.234326
1.500000, -6.309286
1.500000, 0.975226
1.500000, 3.477983
1.500000, 4.197372
1.500000, 4.884316
1.500000, 5.156185
1.500000, 5.572378
1.500000, 6.258204
1.500000, 6.396935
1.500000, 6.167581
1.500000, 6.138492
1.500000, 6.494270
1.500000, 6.836624
1.500000, 6.923890
1.500000, 6.977592
1.500000, 7.227085
1.500000, 7.448607
1.500000, 7.743971
1.500000, 7.877108
1.500000, 7.809980
-1.500000, 7.646635
-1.500000, -0.525086
-1.500000, -3.306424
-1.500000, -4.188039
-1.500000, -4.792192
-1.500000, -5.438859
-1.500000, -5.980358
-1.500000, -6.209713
-1.500000, -6.510670
-1.500000, -7.185307
-1.500000, -7.424730
-1.500000, -7.776033
-1.500000, -7.831974
-1.500000, -7.865537
-1.500000, -7.647371
-1.500000, -7.441512
-1.500000, -7.168525
-1.500000, -7.531016
-1.500000, -7.414661
-1.500000, -7.284880
1.500000, -7.282642
1.500000, 0.098086
1.500000, 3.325827
1.500000, 4.358479
1.500000, 5.029760
1.500000, 5.470568
1.500000, 5.612656
1.500000, 6.198907
1.500000, 6.691179
1.500000, 6.579299
1.500000, 6.728100
1.500000, 6.683348
1.500000, 6.828792
1.500000, 7.011157
1.500000, 7.180095
1.500000, 7.805505
1.500000, 8.114294
1.500000, 7.771941
1.500000, 7.515736
1.500000, 7.446370
-1.500000, 7.224847
-1.500000, -0.503828
-1.500000, -3.371315
-1.500000, -4.221603
-1.500000, -4.789954
-1.500000, -5.234118
-1.500000, -5.795756
-1.500000, -5.998259
-1.500000, -6.144822
-1.500000, -6.926864
1.500000, -7.470601
1.500000, 0.064522
1.500000, 3.119967
1.500000, 4.517349
1.500000, 5.580210
1.500000, 6.432736
1.500000, 6.477488
1.500000, 6.621813
1.500000, 6.938435
1.500000, 6.965286
-1.500000, 6.977592
-1.500000, -0.481452
-1.500000, -3.230346
-1.500000, -4.290969
-1.500000, -4.869389
-1.500000, -5.437740
-1.500000, -5.774499
-1.500000, -6.124684
-1.500000, -6.262296
-1.500000, -6.517383
1.500000, -7.122654
1.500000, 0.107037
1.500000, 3.096472
1.500000, 4.753417
1.500000, 5.781594
1.500000, 5.931514
1.500000, 5.970672
1.500000, 6.184362
1.500000, 6.563636
1.500000, 6.458469
-1.500000, 6.695654
-1.500000, -0.549699
-1.500000, -3.266148
-1.500000, -4.457671
-1.500000, -5.084199
-1.500000, -5.465710
-1.500000, -5.840508
-1.500000, -6.121327
-1.500000, -6.063149
-1.500000, -6.068744
1.500000, -6.760162
1.500000, -0.029457
1.500000, 2.959979
1.500000, 4.381975
1.500000, 5.334074
1.500000, 5.417984
1.500000, 5.693209
1.500000, 5.980741
1.500000, 6.420430
1.500000, 6.423786
-1.500000, 6.838861
-1.500000, -0.719757
-1.500000, -3.570462
-1.500000, -4.842538
-1.500000, -5.583184
-1.500000, -5.754361
-1.500000, -6.142584
-1.500000, -6.224257
-1.500000, -6.010566
-1.500000, -5.943438
1.500000, -6.792608
1.500000, 0.484073
1.500000, 3.137868
1.500000, 4.987246
1.500000, 5.575735
1.500000, 5.469449
1.500000, 5.505250
1.500000, 5.863267
1.500000, 6.319737
1.500000, 6.659853
1.500000, 7.119680
1.500000, 7.042483
1.500000, 6.799703
1.500000, 7.456439
1.500000, 7.481052
1.500000, 6.815366
1.500000, 6.348826
1.500000, 6.100452
1.500000, 6.514409
1.500000, 7.177857
-1.500000, 7.483290
-1.500000, -0.478096
-1.500000, -3.409354
-1.500000, -4.346909
-1.500000, -5.505987
-1.500000, -6.440185
-1.500000, -6.676252
-1.500000, -6.742262
-1.500000, -6.369701
-1.500000, -6.164960
1.500000, -6.096714
1.500000, 0.312896
1.500000, 3.391836
1.500000, 4.214154
1.500000, 4.759011
1.500000, 4.959276
1.500000, 5.157303
1.500000, 5.420222
1.500000, 5.862148
1.500000, 6.386866
1.500000, 7.290856
1.500000, 7.158838
1.500000, 7.058146
1.500000, 7.133106
1.500000, 7.307639
1.500000, 7.449726
1.500000, 7.676843
1.500000, 7.538111
1.500000, 7.486647
1.500000, 7.361341
-1.500000, 7.129749
-1.500000, -0.569838
-1.500000, -3.375790
-1.500000, -4.059377
-1.500000, -4.426344
-1.500000, -5.038328
-1.500000, -5.162515
-1.500000, -5.366137
-1.500000, -6.187336
-1.500000, -6.746737
1.500000, -6.564372
1.500000, 0.958444
1.500000, 3.338133
1.500000, 4.112344
1.500000, 4.564339
1.500000, 5.385539
1.500000, 6.132897
1.500000, 6.147442
1.500000, 5.550003
1.500000, 5.566784
1.500000, 6.128422
1.500000, 6.436092
1.500000, 6.543498
1.500000, 6.987661
1.500000, 6.662091
1.500000, 6.940672
1.500000, 7.660061
1.500000, 7.936405
1.500000, 8.014721
1.500000, 7.701456
1.500000, 7.412806
1.500000, 7.370291
1.500000, 7.033532
1.500000, 6.619576
1.500000, 6.251491
1.500000, 6.842217
1.500000, 7.004444
1.500000, 7.285263
1.500000, 7.279669
1.500000, 7.110730
-1.500000, 7.522448
-1.500000, 0.584765
-1.500000, -3.212445
-1.500000, -4.367047
-1.500000, -5.299008
-1.500000, -5.604441
-1.500000, -5.905398
-1.500000, -6.536402
-1.500000, -7.026437
-1.500000, -7.112585
1.500000, -7.473958
1.500000, 0.785030
1.500000, 3.522736
1.500000, 4.178353
1.500000, 5.263589
1.500000, 5.695446
1.500000, 6.050106
1.500000, 6.722506
1.500000, 6.639715
1.500000, 6.732575
-1.500000, 7.267362
-1.500000, 0.244649
-1.500000, -3.197901
-1.500000, -3.932953
-1.500000, -4.994695
-1.500000, -5.319147
-1.500000, -5.607798
-1.500000, -6.249989
-1.500000, -6.825053
-1.500000, -6.913438
1.500000, -7.365434
1.500000, 0.679863
1.500000, 3.150175
1.500000, 4.073185
1.500000, 5.216600
1.500000, 5.649576
1.500000, 6.170937
1.500000, 6.767258
1.500000, 6.561399
1.500000, 6.697892
1.500000, 7.167789
1.500000, 7.692506
1.500000, 7.579507
1.500000, 7.851376
1.500000, 7.881584
1.500000, 7.788723
1.500000, 7.649992
1.500000, 7.196877
1.500000, 6.796346
1.500000, 7.287500
1.500000, 7.071572
1.500000, 7.344559
1.500000, 6.975355
1.500000, 6.913821
1.500000, 7.153244
1.500000, 7.842425
1.500000, 8.049403
1.500000, 7.752922
1.500000, 7.459796
1.500000, 7.435182
1.500000, 7.818931
1.500000, 7.505667
1.500000, 7.482172
1.500000, 7.334490
1.500000, 7.445251
1.500000, 7.570557
1.500000, 7.296451
1.500000, 7.343440
1.500000, 7.882702
1.500000, 8.380569
-1.500000, 8.313440
-1.500000, 1.063611
-1.500000, -3.373552
-1.500000, -4.166782
-1.500000, -4.772054
-1.500000, -6.633738
-1.500000, -7.177475
-1.500000, -7.452700
-1.500000, -7.431443
-1.500000, -7.222227
1.500000, -7.061120
1.500000, -0.129030
1.500000, 2.977880
1.500000, 4.084373
1.500000, 4.559864
1.500000, 4.899979
1.500000, 5.610418
1.500000, 6.189957
1.500000, 6.504340
1.500000, 7.683556
1.500000, 7.680200
1.500000, 7.576151
1.500000, 7.380361
1.500000, 7.070453
1.500000, 6.675516
1.500000, 6.627408
1.500000, 7.027938
1.500000, 7.278550
1.500000, 7.561606
1.500000, 7.599646
-1.500000, 7.398261
-1.500000, -0.444532
-1.500000, -3.205732
-1.500000, -4.083991
-1.500000, -4.468859
-1.500000, -4.827993
-1.500000, -5.591016
-1.500000, -6.275722
-1.500000, -6.746737
-1.500000, -7.151742
-1.500000, -7.015249
-1.500000, -6.242157
-1.500000, -6.046368
-1.500000, -5.916586
-1.500000, -5.935606
-1.500000, -6.120208
-1.500000, -6.751212
-1.500000, -7.101397
-1.500000, -7.235653
-1.500000, -7.428086
-1.500000, -7.392285
-1.500000, -7.025318
-1.500000, -7.263623
-1.500000, -7.614926
-1.500000, -7.780509
-1.500000, -8.144119
-1.500000, -7.362077
-1.500000, -6.750093
-1.500000, -6.265652
-1.500000, -6.264534
-1.500000, -6.938052
-1.500000, -7.029793
-1.500000, -7.056645
-1.500000, -7.165168
-1.500000, -7.317325
-1.500000, -7.158455
-1.500000, -7.039863
-1.500000, -6.500601
-1.500000, -6.740024
-1.500000, -7.574649
-1.500000, -7.346414
-1.500000, -7.299424
-1.500000, -6.967141
-1.500000, -6.479343
-1.500000, -7.271454
-1.500000, -7.365434
-1.500000, -7.123773
-1.500000, -6.735549
-1.500000, -6.696391
-1.500000, -6.818340
-1.500000, -7.265861
-1.500000, -7.308375
-1.500000, -7.484027
-1.500000, -7.754776
-1.500000, -8.118386
-1.500000, -7.986368
-1.500000, -7.711143
-1.500000, -7.503046
-1.500000, -7.416899
-1.500000, -7.100278
-1.500000, -6.802677
-1.500000, -6.867567
-1.500000, -6.781420
-1.500000, -7.145030
-1.500000, -7.432562
-1.500000, -7.410186
-1.500000, -7.602620
-1.500000, -7.671985
-1.500000, -7.534373
-1.500000, -7.442631
-1.500000, -8.153069
-1.500000, -8.325364
-1.500000, -8.283969
-1.500000, -8.084823
-1.500000, -7.823023
-1.500000, -7.897983
-1.500000, -8.007626
-1.500000, -8.168733
-1.500000, -9.014546
-1.500000, -8.731489
-1.500000, -8.251524
-1.500000, -7.994199
-1.500000, -8.452909
-1.500000, -8.861270
-1.500000, -8.925042
-1.500000, -8.271663
-1.500000, -8.065803
-1.500000, -8.169851
-1.500000, -7.742469
-1.500000, -7.418017
-1.500000, -7.597025
-1.500000, -7.641778
-1.500000, -7.905815
-1.500000, -7.811835
-1.500000, -7.548917
-1.500000, -8.316414
-1.500000, -8.404799
-1.500000, -7.998674
-1.500000, -7.906933
-1.500000, -7.383334
1.500000, -7.232296
1.500000, 0.640705
1.500000, 3.375054
1.500000, 4.404350
1.500000, 5.037591
1.500000, 5.132690
1.500000, 5.513082
1.500000, 5.950533
1.500000, 6.081433
1.500000, 6.420430
-1.500000, 7.219253
-1.500000, -0.334890
-1.500000, -3.303068
-1.500000, -5.198317
-1.500000, -6.002735
-1.500000, -6.366344
-1.500000, -6.610243
-1.500000, -6.547590
-1.500000, -6.303692
-1.500000, -6.300335
-1.500000, -6.368582
-1.500000, -6.559897
-1.500000, -6.654995
-1.500000, -7.187544
-1.500000, -7.714499
-1.500000, -8.053496
-1.500000, -8.087060
-1.500000, -7.853231
-1.500000, -7.793934
-1.500000, -8.506610
1.500000, -8.271663
1.500000, -0.056308
1.500000, 3.286669
1.500000, 4.103393
1.500000, 4.310371
1.500000, 5.415747
1.500000, 6.158630
1.500000, 6.706842
1.500000, 7.071572
1.500000, 7.532517
-1.500000, 7.629853
-1.500000, -0.551937
-1.500000, -3.493264
-1.500000, -4.459908
-1.500000, -5.161396
-1.500000, -5.927774
-1.500000, -6.261177
-1.500000, -6.761281
-1.500000, -7.199851
-1.500000, -7.538848
-1.500000, -7.384453
-1.500000, -7.580244
-1.500000, -7.149505
-1.500000, -7.049932
-1.500000, -6.792608
-1.500000, -6.789251
-1.500000, -7.416899
-1.500000, -7.098041
-1.500000, -7.073426
-1.500000, -7.196495
1.500000, -7.309494
1.500000, 0.275976
1.500000, 3.278837
1.500000, 4.676219
1.500000, 5.218837
1.500000, 5.646219
1.500000, 5.842010
1.500000, 5.819633
1.500000, 5.740199
1.500000, 6.476370
1.500000, 6.884732
1.500000, 6.164224
1.500000, 6.093740
1.500000, 6.704605
1.500000, 6.721387
1.500000, 7.080522
1.500000, 6.895920
1.500000, 6.379034
1.500000, 6.654259
1.500000, 7.248343
-1.500000, 7.581745
-1.500000, -0.399780
-1.500000, -3.375790
-1.500000, -4.325652
-1.500000, -5.696183
-1.500000, -6.440185
-1.500000, -6.600173
-1.500000, -6.558778
-1.500000, -6.546472
-1.500000, -6.629263
-1.500000, -7.448225
-1.500000, -7.510878
-1.500000, -7.630589
-1.500000, -7.613807
-1.500000, -7.030912
-1.500000, -6.802677
-1.500000, -6.474868
-1.500000, -6.540877
-1.500000, -6.713172
-1.500000, -7.216633
-1.500000, -7.388928
-1.500000, -7.178594
-1.500000, -7.243484
-1.500000, -7.386691
-1.500000, -7.283762
-1.500000, -7.674223
-1.500000, -8.352216
-1.500000, -8.939586
-1.500000, -8.320889
-1.500000, -7.560105
-1.500000, -7.394523
-1.500000, -7.221108
-1.500000, -7.658560
-1.500000, -7.420255
-1.500000, -7.346414
-1.500000, -7.348652
-1.500000, -7.668629
-1.500000, -7.665272
-1.500000, -7.374384
-1.500000, -7.585837
1.500000, -8.254880
1.500000, -0.455720
1.500000, 3.172551
1.500000, 4.271213
1.500000, 5.439241
1.500000, 6.442805
1.500000, 6.368965
1.500000, 6.515528
1.500000, 7.087235
1.500000, 7.306520
1.500000, 7.304282
1.500000, 7.135344
1.500000, 7.119680
1.500000, 7.370291
1.500000, 7.257293
1.500000, 6.858999
1.500000, 6.554686
1.500000, 6.944028
1.500000, 6.992136
1.500000, 7.438539
1.500000, 8.024790
1.500000, 7.762990
1.500000, 7.802148
1.500000, 7.759634
1.500000, 7.488884
1.500000, 7.253936
1.500000, 7.120799
1.500000, 7.629853
1.500000, 7.677961
1.500000, 7.174501
-1.500000, 6.879138
-1.500000, -0.898765
-1.500000, -3.376909
-1.500000, -4.117555
-1.500000, -4.576263
-1.500000, -4.795548
-1.500000, -5.221811
-1.500000, -6.027348
-1.500000, -6.465918
-1.500000, -6.613600
-1.500000, -6.555422
-1.500000, -6.867567
-1.500000, -6.866449
-1.500000, -7.382215
-1.500000, -7.494096
-1.500000, -7.762608
-1.500000, -8.498779
-1.500000, -8.606184
-1.500000, -8.562551
-1.500000, -8.093773
1.500000, -7.655203
1.500000, -0.140218
1.500000, 3.238560
1.500000, 4.248837
1.500000, 4.996196
1.500000, 5.304985
1.500000, 5.798376
1.500000, 6.442805
1.500000, 6.726981
1.500000, 7.578388
-1.500000, 7.760753
-1.500000, 0.034315
-1.500000, -3.143080
-1.500000, -4.496828
-1.500000, -5.668212
-1.500000, -6.688559
-1.500000, -7.098041
-1.500000, -7.523185
-1.500000, -7.454937
-1.500000, -7.039863
1.500000, -7.024199
1.500000, 0.717902
1.500000, 3.382885
1.500000, 4.635942
1.500000, 4.979414
1.500000, 5.266946
1.500000, 5.463855
1.500000, 6.092621
1.500000, 6.401410
1.500000, 6.914939
-1.500000, 7.741734
-1.500000, 0.550082
-1.500000, -3.133010
-1.500000, -4.417394
-1.500000, -5.853933
-1.500000, -6.529689
-1.500000, -6.828409
-1.500000, -7.219990
-1.500000, -6.818340
-1.500000, -6.430116
-1.500000, -6.618075
-1.500000, -7.021962
-1.500000, -7.113704
-1.500000, -7.013011
-1.500000, -7.237890
-1.500000, -7.326275
-1.500000, -7.726806
-1.500000, -7.816310
-1.500000, -7.571293
-1.500000, -8.401443
-1.500000, -8.330958
-1.500000, -8.176564
-1.500000, -7.575768
-1.500000, -7.329632
-1.500000, -7.617164
-1.500000, -7.689886
-1.500000, -7.282642
-1.500000, -7.039863
-1.500000, -7.272573
-1.500000, -7.523185
1.500000, -7.915884
1.500000, 0.221154
1.500000, 3.277718
1.500000, 4.357361
1.500000, 5.501894
1.500000, 6.274985
1.500000, 6.592725
1.500000, 6.787396
1.500000, 6.858999
1.500000, 6.777327
1.500000, 6.674397
1.500000, 7.163313
1.500000, 7.237154
1.500000, 7.241630
1.500000, 7.106254
1.500000, 7.214778
1.500000, 6.788515
1.500000, 6.911583
1.500000, 7.682437
1.500000, 7.498953
-1.500000, 7.172264
-1.500000, 0.283807
-1.500000, -3.259435
-1.500000, -4.559481
-1.500000, -5.034972
-1.500000, -5.333692
-1.500000, -6.223138
-1.500000, -7.057763
-1.500000, -6.812746
-1.500000, -6.608006
1.500000, -6.855260
1.500000, 0.474003
1.500000, 3.349321
1.500000, 4.501687
1.500000, 4.752298
1.500000, 5.040948
1.500000, 5.215481
1.500000, 5.764812
1.500000, 6.967523
1.500000, 7.262887
1.500000, 7.159957
1.500000, 7.145412
1.500000, 7.240510
1.500000, 7.168907
1.500000, 6.922771
1.500000, 6.740407
1.500000, 6.885850
1.500000, 7.558250
1.500000, 7.459796
1.500000, 7.834594
1.500000, 7.655585
1.500000, 7.346797
1.500000, 7.776416
1.500000, 8.273164
1.500000, 8.277638
1.500000, 8.275401
1.500000, 8.320153
1.500000, 7.827881
1.500000, 7.514617
1.500000, 7.312114
1.500000, 7.775297
1.500000, 7.930810
1.500000, 7.671248
1.500000, 7.728308
1.500000, 7.225966
1.500000, 7.444132
1.500000, 8.336936
1.500000, 8.014721
1.500000, 8.029265
1.500000, 7.987870
-1.500000, 8.109818
-1.500000, -0.111129
-1.500000, -3.207970
-1.500000, -4.020219
-1.500000, -4.757509
-1.500000, -5.304603
-1.500000, -5.726390
-1.500000, -5.831558
-1.500000, -6.336137
-1.500000, -7.209920
-1.500000, -7.802885
-1.500000, -7.684292
-1.500000, -7.188663
-1.500000, -6.735549
-1.500000, -7.357602
-1.500000, -7.820786
-1.500000, -7.638421
-1.500000, -7.526541
-1.500000, -7.085733
-1.500000, -6.894418
-1.500000, -6.819459
-1.500000, -6.744499
-1.500000, -7.075664
-1.500000, -7.786103
-1.500000, -7.792816
-1.500000, -7.594788
-1.500000, -7.551154
-1.500000, -7.387809
-1.500000, -7.787222
-1.500000, -8.055734
-1.500000, -8.003150
-1.500000, -8.106080
-1.500000, -8.063565
-1.500000, -7.465007
-1.500000, -7.121535
-1.500000, -7.032031
-1.500000, -7.555630
-1.500000, -7.302781
-1.500000, -7.077901
-1.500000, -7.393404
1.500000, -7.593669
1.500000, -0.159238
1.500000, 3.121086
1.500000, 4.198491
1.500000, 5.149472
1.500000, 5.808446
1.500000, 6.357777
1.500000, 6.417073
1.500000, 6.950741
1.500000, 7.450845
-1.500000, 7.161076
-1.500000, -0.913310
-1.500000, -3.436205
-1.500000, -4.016863
-1.500000, -4.511373
-1.500000, -5.295652
-1.500000, -5.989308
-1.500000, -6.383127
-1.500000, -6.528571
-1.500000, -6.738905
-1.500000, -7.058882
-1.500000, -6.995111
-1.500000, -7.473958
-1.500000, -7.912527
-1.500000, -8.150831
-1.500000, -8.374592
-1.500000, -8.358929
-1.500000, -7.744707
-1.500000, -7.410186
-1.500000, -6.968259
-1.500000, -7.404592
-1.500000, -7.633945
-1.500000, -7.764845
-1.500000, -7.791697
-1.500000, -7.539967
-1.500000, -7.725688
-1.500000, -7.529898
-1.500000, -7.442631
-1.500000, -7.867775
-1.500000, -7.938260
1.500000, -8.338790
1.500000, -0.407612
1.500000, 3.246392
1.500000, 4.488261
1.500000, 5.703278
1.500000, 6.203382
1.500000, 6.790753
1.500000, 7.044720
1.500000, 6.976473
1.500000, 7.328896
-1.500000, 8.043809
-1.500000, 0.222273
-1.500000, -3.193425
-1.500000, -4.426344
-1.500000, -5.663737
-1.500000, -6.135872
-1.500000, -6.257821
-1.500000, -6.380889
-1.500000, -6.970497
-1.500000, -7.669747
-1.500000, -7.915884
-1.500000, -7.959517
-1.500000, -7.729044
-1.500000, -8.464096
-1.500000, -8.205653
-1.500000, -7.978536
-1.500000, -7.418017
-1.500000, -8.100486
-1.500000, -8.283969
-1.500000, -7.997556
-1.500000, -7.806241
-1.500000, -7.317325
-1.500000, -7.995318
-1.500000, -8.694569
-1.500000, -8.702400
-1.500000, -8.456264
-1.500000, -8.111673
-1.500000, -7.847637
-1.500000, -8.046783
-1.500000, -7.906933
-1.500000, -8.157544
-1.500000, -8.079228
-1.500000, -8.024407
-1.500000, -8.033358
-1.500000, -7.930428
-1.500000, -8.555838
-1.500000, -8.964200
-1.500000, -9.239425
-1.500000, -8.686737
-1.500000, -7.830855
1.500000, -7.269217
1.500000, 0.329678
1.500000, 3.408618
1.500000, 3.953474
1.500000, 4.417776
1.500000, 4.763486
1.500000, 5.254639
1.500000, 5.581329
1.500000, 5.840891
1.500000, 6.653140
-1.500000, 7.561606
-1.500000, -0.623540
-1.500000, -3.635352
-1.500000, -4.706044
-1.500000, -6.318236
-1.500000, -6.887705
-1.500000, -6.923508
-1.500000, -6.910082
-1.500000, -6.828409
-1.500000, -6.502838
1.500000, -6.763519
1.500000, 0.622804
1.500000, 3.388479
1.500000, 4.292470
1.500000, 5.196461
1.500000, 5.257995
1.500000, 5.462736
1.500000, 5.457142
1.500000, 5.915851
1.500000, 6.063532
1.500000, 6.749357
1.500000, 7.238273
1.500000, 7.423994
1.500000, 7.482172
1.500000, 7.467627
1.500000, 7.323302
1.500000, 7.201353
1.500000, 6.985424
1.500000, 6.836624
1.500000, 6.870187
1.500000, 7.052552
1.500000, 7.123036
1.500000, 6.983186
1.500000, 6.766139
1.500000, 7.100660
1.500000, 7.048077
1.500000, 7.174501
1.500000, 7.507904
1.500000, 7.175620
1.500000, 7.585101
1.500000, 7.830118
1.500000, 7.655585
1.500000, 7.541468
1.500000, 7.412806
1.500000, 7.542586
1.500000, 7.384836
1.500000, 7.147650
1.500000, 7.067097
1.500000, 7.076047
1.500000, 7.463152
1.500000, 7.833475
1.500000, 7.981156
1.500000, 7.469865
1.500000, 7.522448
1.500000, 7.352390
1.500000, 7.120799
1.500000, 7.088354
1.500000, 7.080522
1.500000, 7.093948
1.500000, 7.303164
-1.500000, 6.899277
-1.500000, -0.218534
-1.500000, -3.390335
-1.500000, -4.271949
-1.500000, -4.925329
-1.500000, -5.631292
-1.500000, -6.001616
-1.500000, -5.862885
-1.500000, -5.926656
-1.500000, -5.943438
1.500000, -5.990427
1.500000, 1.200105
1.500000, 3.526092
1.500000, 4.318203
1.500000, 4.897742
1.500000, 5.394489
1.500000, 5.724535
1.500000, 5.852079
1.500000, 6.194432
1.500000, 6.620695
1.500000, 6.767258
1.500000, 6.814248
1.500000, 7.330015
1.500000, 7.428469
1.500000, 7.638804
1.500000, 8.390637
1.500000, 7.865921
1.500000, 7.799911
1.500000, 7.604121
1.500000, 7.251698
1.500000, 7.101779
1.500000, 6.702367
1.500000, 6.512171
1.500000, 6.711318
1.500000, 7.030176
1.500000, 6.852287
1.500000, 7.191283
1.500000, 7.077166
1.500000, 6.891445
1.500000, 7.357985
1.500000, 7.812218
1.500000, 7.664536
1.500000, 8.018077
1.500000, 7.896128
1.500000, 7.902841
1.500000, 7.611952
1.500000, 7.299807
1.500000, 7.378123
1.500000, 7.802148
1.500000, 7.642160
